order_id,drink_type,price,units_sold,customer_rating,order_date
101,Espresso,3.50,120,4.8,2026-09-01
102,Latte,4.75,85,4.6,2026-09-01
103,Cappuccino,4.50,95,4.7,2026-09-02
104,Americano,3.25,110,4.5,2026-09-02
105,Flat White,4.25,78,4.9,2026-09-03
106,Mocha,5.00,65,4.4,2026-09-03
107,Cold Brew,4.00,140,4.8,2026-09-04
108,Espresso,3.50,130,4.7,2026-09-04
109,Latte,4.75,90,4.3,2026-09-05
110,Cappuccino,4.50,88,4.6,2026-09-05
111,Iced Tea,3.00,200,4.2,2026-09-06
112,Hot Chocolate,4.25,55,4.5,2026-09-06
113,Cold Brew,4.00,160,4.9,2026-09-07
114,Americano,3.25,105,4.4,2026-09-07
115,Flat White,4.25,82,4.8,2026-09-08
